tanggal,harga
07 October 2020,19944
08 October 2020,19991
09 October 2020,20871
10 October 2020,20039
11 October 2020,20288
12 October 2020,20982
13 October 2020,21436
14 October 2020,21766
15 October 2020,21920
16 October 2020,22176
17 October 2020,22188
18 October 2020,22324
19 October 2020,22358
20 October 2020,22409
21 October 2020,22286
22 October 2020,22418
23 October 2020,22518
24 October 2020,22310
25 October 2020,22241
26 October 2020,22460
27 October 2020,22415
28 October 2020,22207
29 October 2020,22302
30 October 2020,21979
31 October 2020,22001
01 November 2020,21949
02 November 2020,22214
03 November 2020,22307
04 November 2020,22306
05 November 2020,22448
06 November 2020,22522
07 November 2020,22352
08 November 2020,22491
09 November 2020,22810
10 November 2020,22998
11 November 2020,24125
12 November 2020,23510
13 November 2020,23804
14 November 2020,23954
15 November 2020,24120
16 November 2020,24362
17 November 2020,24441
18 November 2020,24330
19 November 2020,24884
20 November 2020,24570
21 November 2020,24607
22 November 2020,24668
23 November 2020,24477
24 November 2020,24664
25 November 2020,24615
26 November 2020,24635
27 November 2020,24668
28 November 2020,24556
29 November 2020,24530
30 November 2020,24707
01 December 2020,24705
02 December 2020,24685
03 December 2020,24817
04 December 2020,24859
05 December 2020,24794
06 December 2020,25023
07 December 2020,25337
08 December 2020,25415
09 December 2020,25615
10 December 2020,25983
11 December 2020,26171
12 December 2020,26227
13 December 2020,26306
14 December 2020,26674
15 December 2020,26939
16 December 2020,27127
17 December 2020,27235
18 December 2020,27025
19 December 2020,27028
20 December 2020,27147
21 December 2020,26996
22 December 2020,26894
23 December 2020,26632
24 December 2020,25976
25 December 2020,25942
26 December 2020,25787
27 December 2020,25238
28 December 2020,25359
29 December 2020,25230
30 December 2020,24671
31 December 2020,24604
01 January 2021,24211
02 January 2021,24026
03 January 2021,23895
04 January 2021,23447
05 January 2021,23726
06 January 2021,23620
07 January 2021,23513
08 January 2021,23464
09 January 2021,23557
10 January 2021,23424
11 January 2021,23326
12 January 2021,22954
13 January 2021,22794
14 January 2021,22828
15 January 2021,22654
16 January 2021,22639
17 January 2021,22545
18 January 2021,22332
19 January 2021,22221
20 January 2021,22007
21 January 2021,21961
22 January 2021,21836
23 January 2021,21763
24 January 2021,21704
25 January 2021,21608
26 January 2021,21348
27 January 2021,21106
28 January 2021,20977
29 January 2021,20864
30 January 2021,20784
31 January 2021,20758
01 February 2021,20804
02 February 2021,20966
03 February 2021,21118
04 February 2021,21398
05 February 2021,21992
06 February 2021,22290
07 February 2021,22458
08 February 2021,22803
09 February 2021,23083
10 February 2021,23183
11 February 2021,23357
12 February 2021,23425
13 February 2021,23787
14 February 2021,23580
15 February 2021,24061
16 February 2021,24006
17 February 2021,24121
18 February 2021,23870
19 February 2021,24075
20 February 2021,23778
21 February 2021,23680
22 February 2021,23445
23 February 2021,23475
24 February 2021,23427
25 February 2021,23328
26 February 2021,23281
27 February 2021,23084
28 February 2021,23114
01 March 2021,22928
02 March 2021,22978
03 March 2021,23112
04 March 2021,23263
05 March 2021,23667
06 March 2021,23288
07 March 2021,23150
08 March 2021,23049
09 March 2021,22914
10 March 2021,22981
11 March 2021,22774
12 March 2021,22723
13 March 2021,22619
14 March 2021,22443
15 March 2021,22329
16 March 2021,22356
17 March 2021,22315
18 March 2021,22229
19 March 2021,22087
20 March 2021,21827
21 March 2021,21820
22 March 2021,21596
23 March 2021,21454
24 March 2021,21526
25 March 2021,21385
26 March 2021,21359
27 March 2021,21296
28 March 2021,21309
29 March 2021,21194
30 March 2021,22002
31 March 2021,21366
01 April 2021,21538
02 April 2021,21591
03 April 2021,21718
04 April 2021,21901
05 April 2021,22228
06 April 2021,22613
07 April 2021,23207
08 April 2021,23590
09 April 2021,23889
10 April 2021,23948
11 April 2021,24093
12 April 2021,24575
13 April 2021,24659
14 April 2021,24710
15 April 2021,24568
16 April 2021,24444
17 April 2021,24270
18 April 2021,24426
19 April 2021,24322
20 April 2021,24271
21 April 2021,23967
22 April 2021,23576
23 April 2021,23093
24 April 2021,22886
25 April 2021,22623
26 April 2021,22388
27 April 2021,22502
28 April 2021,22559
29 April 2021,22439
30 April 2021,22312
01 May 2021,22208
02 May 2021,22198
03 May 2021,22342
04 May 2021,22351
05 May 2021,22190
06 May 2021,22145
07 May 2021,22137
08 May 2021,21891
09 May 2021,22143
10 May 2021,22219
11 May 2021,22196
12 May 2021,22297
13 May 2021,22266
14 May 2021,22527
15 May 2021,22377
16 May 2021,22177
17 May 2021,22352
18 May 2021,22520
19 May 2021,22644
20 May 2021,22620
21 May 2021,22530
22 May 2021,22492
23 May 2021,22491
24 May 2021,22732
25 May 2021,22793
26 May 2021,22781
27 May 2021,22989
28 May 2021,23241
29 May 2021,23341
30 May 2021,23413
31 May 2021,23766
01 June 2021,23822
02 June 2021,23931
03 June 2021,23977
04 June 2021,24008
05 June 2021,23972
06 June 2021,24126
07 June 2021,23941
08 June 2021,23939
09 June 2021,23866
10 June 2021,23759
11 June 2021,23797
12 June 2021,23782
13 June 2021,23642
14 June 2021,23531
15 June 2021,23472
16 June 2021,23407
17 June 2021,23295
18 June 2021,23127
19 June 2021,22940
20 June 2021,23027
21 June 2021,22770
22 June 2021,22571
23 June 2021,22459
24 June 2021,22523
25 June 2021,22515
26 June 2021,22505
27 June 2021,22394
28 June 2021,22423
29 June 2021,22439
30 June 2021,22417
01 July 2021,22170
02 July 2021,22112
03 July 2021,21982
04 July 2021,22006
05 July 2021,21838
06 July 2021,21798
07 July 2021,21709
08 July 2021,24419
09 July 2021,21521
10 July 2021,21592
11 July 2021,21650
12 July 2021,21623
13 July 2021,21912
14 July 2021,21941
15 July 2021,21994
16 July 2021,22480
17 July 2021,22605
18 July 2021,22957
19 July 2021,24254
20 July 2021,23022
21 July 2021,23312
22 July 2021,23352
23 July 2021,23398
24 July 2021,23544
25 July 2021,23832
26 July 2021,23817
27 July 2021,23811
28 July 2021,23768
29 July 2021,23948
30 July 2021,23761
31 July 2021,23978
01 August 2021,23560
02 August 2021,23873
03 August 2021,23765
04 August 2021,24565
05 August 2021,23534
06 August 2021,23453
07 August 2021,23446
08 August 2021,22856
09 August 2021,23106
10 August 2021,23046
11 August 2021,23053
12 August 2021,23380
13 August 2021,22701
14 August 2021,22707
15 August 2021,23606
16 August 2021,22353
17 August 2021,22092
18 August 2021,22103
19 August 2021,21858
20 August 2021,21754
21 August 2021,21511
22 August 2021,21380
23 August 2021,21137
24 August 2021,21042
25 August 2021,20926
26 August 2021,21424
27 August 2021,20939
28 August 2021,20757
29 August 2021,20543
30 August 2021,20425
31 August 2021,20376
01 September 2021,20302
02 September 2021,19909
03 September 2021,19984
04 September 2021,19625
05 September 2021,19846
06 September 2021,20200
07 September 2021,19841
08 September 2021,19825
09 September 2021,19744
10 September 2021,19692
11 September 2021,19265
12 September 2021,19462
13 September 2021,19229
14 September 2021,19264
15 September 2021,19295
16 September 2021,18892
17 September 2021,19031
18 September 2021,18899
19 September 2021,18998
20 September 2021,18897
21 September 2021,18862
22 September 2021,18662
23 September 2021,18614
24 September 2021,18537
25 September 2021,18394
26 September 2021,18550
27 September 2021,18588
28 September 2021,18984
29 September 2021,19057
30 September 2021,19121
01 October 2021,19134
02 October 2021,19109
03 October 2021,18615
04 October 2021,18879
05 October 2021,18906
06 October 2021,18805
07 October 2021,18340
08 October 2021,18510
09 October 2021,18139
10 October 2021,18548
11 October 2021,18405
12 October 2021,18443
13 October 2021,18350
14 October 2021,18444
15 October 2021,18319
16 October 2021,18285
17 October 2021,18132
18 October 2021,18187
19 October 2021,18169
20 October 2021,18133
21 October 2021,18078
22 October 2021,17874
23 October 2021,18120
24 October 2021,18050
25 October 2021,
26 October 2021,
27 October 2021,
28 October 2021,
29 October 2021,
30 October 2021,
31 October 2021,
01 November 2021,
02 November 2021,
03 November 2021,
04 November 2021,
05 November 2021,
06 November 2021,
07 November 2021,
08 November 2021,
09 November 2021,
10 November 2021,
11 November 2021,
12 November 2021,
13 November 2021,
14 November 2021,
15 November 2021,
16 November 2021,
17 November 2021,
18 November 2021,
19 November 2021,
20 November 2021,
21 November 2021,
22 November 2021,
23 November 2021,
24 November 2021,
25 November 2021,
26 November 2021,
27 November 2021,
28 November 2021,
29 November 2021,
30 November 2021,
01 December 2021,
02 December 2021,
03 December 2021,
04 December 2021,
05 December 2021,
06 December 2021,
07 December 2021,
08 December 2021,
09 December 2021,
10 December 2021,
11 December 2021,
12 December 2021,
13 December 2021,
14 December 2021,
15 December 2021,
16 December 2021,
17 December 2021,
18 December 2021,
19 December 2021,
20 December 2021,
21 December 2021,
22 December 2021,
23 December 2021,
24 December 2021,
25 December 2021,
26 December 2021,
27 December 2021,
28 December 2021,
29 December 2021,
30 December 2021,
31 December 2021,
01 January 2022,
02 January 2022,
03 January 2022,
04 January 2022,
05 January 2022,
06 January 2022,
07 January 2022,
08 January 2022,
09 January 2022,
10 January 2022,
11 January 2022,
12 January 2022,
13 January 2022,
14 January 2022,
15 January 2022,
16 January 2022,
17 January 2022,
18 January 2022,
19 January 2022,
20 January 2022,
21 January 2022,
22 January 2022,
23 January 2022,
24 January 2022,
25 January 2022,
26 January 2022,
27 January 2022,
28 January 2022,
29 January 2022,
30 January 2022,
31 January 2022,
01 February 2022,
02 February 2022,
03 February 2022,
04 February 2022,
05 February 2022,
06 February 2022,
07 February 2022,
08 February 2022,
09 February 2022,
10 February 2022,
11 February 2022,
12 February 2022,
13 February 2022,
14 February 2022,
15 February 2022,
16 February 2022,
17 February 2022,
18 February 2022,
19 February 2022,
20 February 2022,
21 February 2022,
22 February 2022,
23 February 2022,
24 February 2022,
25 February 2022,
26 February 2022,
27 February 2022,
28 February 2022,
01 March 2022,
02 March 2022,
03 March 2022,
04 March 2022,
05 March 2022,
06 March 2022,
07 March 2022,
08 March 2022,
09 March 2022,
10 March 2022,
11 March 2022,
12 March 2022,
13 March 2022,
14 March 2022,
15 March 2022,
16 March 2022,
17 March 2022,
18 March 2022,
19 March 2022,
20 March 2022,
21 March 2022,
22 March 2022,
23 March 2022,
24 March 2022,
25 March 2022,
26 March 2022,
27 March 2022,
28 March 2022,
29 March 2022,
30 March 2022,
31 March 2022,
01 April 2022,
02 April 2022,
03 April 2022,
04 April 2022,
05 April 2022,
06 April 2022,
07 April 2022,
08 April 2022,
09 April 2022,
10 April 2022,
11 April 2022,
12 April 2022,
13 April 2022,
14 April 2022,
15 April 2022,
16 April 2022,
17 April 2022,
18 April 2022,
19 April 2022,
20 April 2022,
21 April 2022,
22 April 2022,
23 April 2022,
24 April 2022,
25 April 2022,
26 April 2022,
27 April 2022,
28 April 2022,
29 April 2022,
30 April 2022,
01 May 2022,
02 May 2022,
03 May 2022,
04 May 2022,
05 May 2022,
06 May 2022,
07 May 2022,
08 May 2022,
09 May 2022,
10 May 2022,
11 May 2022,
12 May 2022,
13 May 2022,
14 May 2022,
15 May 2022,
16 May 2022,
17 May 2022,
18 May 2022,
19 May 2022,
20 May 2022,
21 May 2022,
22 May 2022,
23 May 2022,
24 May 2022,
25 May 2022,
26 May 2022,
27 May 2022,
28 May 2022,
29 May 2022,
30 May 2022,
31 May 2022,
01 June 2022,28000
02 June 2022,28000
03 June 2022,28000
04 June 2022,28000
05 June 2022,28000
06 June 2022,28000
07 June 2022,28000
08 June 2022,28000
09 June 2022,28000
10 June 2022,28000
11 June 2022,28000
12 June 2022,28000
13 June 2022,28000
14 June 2022,28000
15 June 2022,28000
16 June 2022,28000
17 June 2022,27000
18 June 2022,27000
19 June 2022,27075
20 June 2022,27133
21 June 2022,26893
22 June 2022,26858
23 June 2022,27203
24 June 2022,27305
25 June 2022,27333
26 June 2022,27250
27 June 2022,27250
28 June 2022,27000
29 June 2022,26500
30 June 2022,26500
01 July 2022,26881
02 July 2022,26365
03 July 2022,26899
04 July 2022,26898
05 July 2022,27054
06 July 2022,26964
07 July 2022,27251
08 July 2022,27292
09 July 2022,27423
10 July 2022,27396
11 July 2022,27418
12 July 2022,27491
13 July 2022,27661
14 July 2022,27512
15 July 2022,27563
16 July 2022,27650
17 July 2022,27532
18 July 2022,27666
19 July 2022,27723
20 July 2022,27516
21 July 2022,27762
22 July 2022,27579
23 July 2022,27540
24 July 2022,27676
25 July 2022,27476
26 July 2022,27428
27 July 2022,27364
28 July 2022,27342
29 July 2022,27331
30 July 2022,27007
31 July 2022,27087
01 August 2022,27272
02 August 2022,27238
03 August 2022,26956
04 August 2022,26792
05 August 2022,26928
06 August 2022,26714
07 August 2022,26546
08 August 2022,26611
09 August 2022,26756
10 August 2022,26990
11 August 2022,27554
12 August 2022,28110
13 August 2022,28379
14 August 2022,28790
15 August 2022,29264
16 August 2022,29425
17 August 2022,29420
18 August 2022,29598
19 August 2022,29661
20 August 2022,29716
21 August 2022,29328
22 August 2022,29913
23 August 2022,29612
24 August 2022,30184
25 August 2022,30235
26 August 2022,30091
27 August 2022,29845
28 August 2022,29786
29 August 2022,29500
30 August 2022,29463
31 August 2022,29392
01 September 2022,29145
02 September 2022,28811
03 September 2022,28426
04 September 2022,28225
05 September 2022,28137
06 September 2022,29037
07 September 2022,27966
08 September 2022,27693
09 September 2022,27783
10 September 2022,27910
11 September 2022,27443
12 September 2022,27388
13 September 2022,27339
14 September 2022,27215
15 September 2022,26985
16 September 2022,28400
17 September 2022,26614
18 September 2022,26369
19 September 2022,26249
20 September 2022,25631
21 September 2022,26155
22 September 2022,25514
23 September 2022,25336
24 September 2022,25109
25 September 2022,24834
26 September 2022,24556
27 September 2022,24174
28 September 2022,23919
29 September 2022,23665
30 September 2022,23191
01 October 2022,23582
02 October 2022,23476
03 October 2022,23600
04 October 2022,23444
05 October 2022,23502
06 October 2022,23718
07 October 2022,23544
08 October 2022,24213
09 October 2022,24553
10 October 2022,24921
11 October 2022,24898
12 October 2022,25185
13 October 2022,24953
14 October 2022,25354
15 October 2022,25589
16 October 2022,25539
17 October 2022,25692
18 October 2022,25680
19 October 2022,25664
20 October 2022,25911
21 October 2022,25877
22 October 2022,25835
23 October 2022,25913
24 October 2022,26001
25 October 2022,25693
26 October 2022,26133
27 October 2022,26151
28 October 2022,26220
29 October 2022,26095
30 October 2022,26072
31 October 2022,26210
01 November 2022,26255
02 November 2022,26071
03 November 2022,26244
04 November 2022,26089
05 November 2022,26158
06 November 2022,26041
07 November 2022,26022
08 November 2022,25803
09 November 2022,26135
10 November 2022,26380
11 November 2022,26502
12 November 2022,26569
13 November 2022,26655
14 November 2022,26960
15 November 2022,26968
16 November 2022,26700
17 November 2022,27100
18 November 2022,27100
19 November 2022,26992
20 November 2022,27119
21 November 2022,27265
22 November 2022,27445
23 November 2022,27617
24 November 2022,27876
25 November 2022,28287
26 November 2022,28562
27 November 2022,28862
28 November 2022,29060
29 November 2022,29118
30 November 2022,29237
01 December 2022,29541
02 December 2022,31152
03 December 2022,29580
04 December 2022,29616
05 December 2022,29731
06 December 2022,29901
07 December 2022,29892
08 December 2022,29892
09 December 2022,29855
10 December 2022,29705
11 December 2022,29790
12 December 2022,29801
13 December 2022,29708
14 December 2022,29735
15 December 2022,29588
16 December 2022,29564
17 December 2022,29300
18 December 2022,29244
19 December 2022,29033
20 December 2022,28859
21 December 2022,28761
22 December 2022,28653
23 December 2022,28471
24 December 2022,28308
25 December 2022,28465
26 December 2022,28342
27 December 2022,28308
28 December 2022,28165
29 December 2022,28029
30 December 2022,27995
31 December 2022,27783
01 January 2023,27895
02 January 2023,27690
03 January 2023,27601
04 January 2023,27825
05 January 2023,27571
06 January 2023,27636
07 January 2023,27563
08 January 2023,27655
09 January 2023,27528
10 January 2023,27563
11 January 2023,27498
12 January 2023,27447
13 January 2023,27391
14 January 2023,27382
15 January 2023,27318
16 January 2023,27325
17 January 2023,27257
18 January 2023,27234
19 January 2023,27183
20 January 2023,27129
21 January 2023,27194
22 January 2023,27165
23 January 2023,27161
24 January 2023,27119
25 January 2023,27117
26 January 2023,27063
27 January 2023,27016
28 January 2023,27005
29 January 2023,26959
30 January 2023,26996
31 January 2023,26846
01 February 2023,26738
02 February 2023,26804
03 February 2023,26577
04 February 2023,26601
05 February 2023,26518
06 February 2023,26768
07 February 2023,27021
08 February 2023,27044
09 February 2023,26992
10 February 2023,26935
11 February 2023,27010
12 February 2023,26943
13 February 2023,26905
14 February 2023,26927
15 February 2023,26863
16 February 2023,26702
17 February 2023,26827
18 February 2023,26664
19 February 2023,26658
20 February 2023,26626
21 February 2023,26625
22 February 2023,26551
23 February 2023,26455
24 February 2023,26382
25 February 2023,26376
26 February 2023,26295
27 February 2023,26256
28 February 2023,26208
01 March 2023,26127
02 March 2023,26168
03 March 2023,25731
04 March 2023,26085
05 March 2023,26196
06 March 2023,26489
07 March 2023,26673
08 March 2023,26924
09 March 2023,27059
10 March 2023,27234
11 March 2023,27232
12 March 2023,27368
13 March 2023,27702
14 March 2023,27960
15 March 2023,28463
16 March 2023,28839
17 March 2023,28915
18 March 2023,29234
19 March 2023,29390
20 March 2023,29528
21 March 2023,29715
22 March 2023,29753
23 March 2023,29672
24 March 2023,29536
25 March 2023,29357
26 March 2023,29279
27 March 2023,29240
28 March 2023,29138
29 March 2023,29006
30 March 2023,28569
31 March 2023,31798
01 April 2023,29298
02 April 2023,27988
03 April 2023,27818
04 April 2023,27646
05 April 2023,27585
06 April 2023,27447
07 April 2023,27348
08 April 2023,26846
09 April 2023,27173
10 April 2023,27089
11 April 2023,26957
12 April 2023,27060
13 April 2023,26884
14 April 2023,26808
15 April 2023,26716
16 April 2023,26783
17 April 2023,26857
18 April 2023,27023
19 April 2023,27196
20 April 2023,27438
21 April 2023,27660
22 April 2023,28177
23 April 2023,27962
24 April 2023,27421
25 April 2023,27714
26 April 2023,27793
27 April 2023,27761
28 April 2023,27636
29 April 2023,27531
30 April 2023,27486
01 May 2023,27656
02 May 2023,27700
03 May 2023,27868
04 May 2023,28117
05 May 2023,28369
06 May 2023,28481
07 May 2023,28589
08 May 2023,28760
09 May 2023,28620
10 May 2023,29131
11 May 2023,29357
12 May 2023,29628
13 May 2023,29845
14 May 2023,30217
15 May 2023,30781
16 May 2023,30707
17 May 2023,30617
18 May 2023,30681
19 May 2023,30736
20 May 2023,30734
21 May 2023,30593
22 May 2023,30702
23 May 2023,30755
24 May 2023,30707
25 May 2023,30773
26 May 2023,30840
27 May 2023,30744
28 May 2023,30661
29 May 2023,30477
30 May 2023,30493
31 May 2023,30374
01 June 2023,30250
02 June 2023,30202
03 June 2023,30080
04 June 2023,30131
05 June 2023,30088
06 June 2023,30049
07 June 2023,30102
08 June 2023,29994
09 June 2023,29904
10 June 2023,29767
11 June 2023,29798
12 June 2023,29986
13 June 2023,29900
14 June 2023,29750
15 June 2023,29646
16 June 2023,31149
17 June 2023,29533
18 June 2023,29473
19 June 2023,29685
20 June 2023,29633
21 June 2023,29664
22 June 2023,29476
23 June 2023,29817
24 June 2023,29799
25 June 2023,29865
26 June 2023,30078
27 June 2023,30217
28 June 2023,30114
29 June 2023,30530
30 June 2023,30057
01 July 2023,30201
02 July 2023,30161
03 July 2023,29942
04 July 2023,30434
05 July 2023,30599
06 July 2023,31183
07 July 2023,30523
08 July 2023,30544
09 July 2023,30515
10 July 2023,31319
11 July 2023,30754
12 July 2023,30790
13 July 2023,30804
14 July 2023,30731
15 July 2023,30795
16 July 2023,30674
17 July 2023,30826
18 July 2023,30805
19 July 2023,30769
20 July 2023,30676
21 July 2023,30614
22 July 2023,30564
23 July 2023,30503
24 July 2023,30515
25 July 2023,30483
26 July 2023,30435
27 July 2023,30437
28 July 2023,30362
29 July 2023,30318
30 July 2023,30341
31 July 2023,30298
01 August 2023,30086
02 August 2023,30095
03 August 2023,30108
04 August 2023,29980
05 August 2023,30010
06 August 2023,29948
07 August 2023,29924
08 August 2023,29870
09 August 2023,29807
10 August 2023,29743
11 August 2023,29767
12 August 2023,29503
13 August 2023,29370
14 August 2023,29309
15 August 2023,29052
16 August 2023,28891
17 August 2023,28738
18 August 2023,28726
19 August 2023,28411
20 August 2023,28202
21 August 2023,28081
22 August 2023,27883
23 August 2023,28045
24 August 2023,27818
25 August 2023,27522
26 August 2023,30738
27 August 2023,27193
28 August 2023,28417
29 August 2023,26847
30 August 2023,26659
31 August 2023,26438
01 September 2023,26123
02 September 2023,26001
03 September 2023,26098
04 September 2023,26458
05 September 2023,26738
06 September 2023,26797
07 September 2023,26721
08 September 2023,26719
09 September 2023,26510
10 September 2023,26603
11 September 2023,26404
12 September 2023,26422
13 September 2023,26380
14 September 2023,26254
15 September 2023,26244
16 September 2023,26226
17 September 2023,25900
18 September 2023,26043
19 September 2023,25759
20 September 2023,25835
21 September 2023,25824
22 September 2023,25605
23 September 2023,25537
24 September 2023,25432
25 September 2023,25298
26 September 2023,25293
27 September 2023,25238
28 September 2023,25179
29 September 2023,25041
30 September 2023,25069
01 October 2023,24971
02 October 2023,25149
03 October 2023,25242
04 October 2023,25217
05 October 2023,25375
06 October 2023,25299
07 October 2023,25331
08 October 2023,25264
09 October 2023,25059
10 October 2023,25269
11 October 2023,25235
12 October 2023,25231
13 October 2023,25109
14 October 2023,24672
15 October 2023,24915
16 October 2023,24978
17 October 2023,25260
18 October 2023,24727
19 October 2023,25203
20 October 2023,25160
21 October 2023,25088
22 October 2023,25026
23 October 2023,25122
24 October 2023,25135
25 October 2023,25070
26 October 2023,24790
27 October 2023,26999
28 October 2023,24990
29 October 2023,24957
30 October 2023,24616
31 October 2023,24969
01 November 2023,24771
02 November 2023,24811
03 November 2023,24918
04 November 2023,25094
05 November 2023,25293
06 November 2023,25783
07 November 2023,26242
08 November 2023,26384
09 November 2023,26580
10 November 2023,26677
11 November 2023,26659
12 November 2023,26731
13 November 2023,26739
14 November 2023,26800
15 November 2023,26832
16 November 2023,26821
17 November 2023,26799
18 November 2023,26697
19 November 2023,26794
20 November 2023,26844
21 November 2023,26859
22 November 2023,26778
23 November 2023,26786
24 November 2023,26677
25 November 2023,26710
26 November 2023,26726
27 November 2023,26707
28 November 2023,26661
29 November 2023,26711
30 November 2023,26730
01 December 2023,26623
02 December 2023,26643
03 December 2023,26668
04 December 2023,26553
05 December 2023,26617
06 December 2023,26567
07 December 2023,26541
08 December 2023,26544
09 December 2023,26416
10 December 2023,26289
11 December 2023,26459
12 December 2023,26456
13 December 2023,26460
14 December 2023,26389
15 December 2023,26384
16 December 2023,26350
17 December 2023,26290
18 December 2023,26350
19 December 2023,26311
20 December 2023,25907
21 December 2023,26195
22 December 2023,26239
23 December 2023,26117
24 December 2023,26118
25 December 2023,26316
26 December 2023,26232
27 December 2023,26186
28 December 2023,26237
29 December 2023,26308
30 December 2023,25986
31 December 2023,26100
01 January 2024,26005
02 January 2024,25986
03 January 2024,25950
04 January 2024,25929
05 January 2024,25842
06 January 2024,25685
07 January 2024,25647
08 January 2024,25661
09 January 2024,26020
10 January 2024,25557
11 January 2024,25441
12 January 2024,25724
13 January 2024,25518
14 January 2024,25544
15 January 2024,25588
16 January 2024,25651
17 January 2024,25724
18 January 2024,25889
19 January 2024,26030
20 January 2024,25771
21 January 2024,26045
22 January 2024,26129
23 January 2024,26076
24 January 2024,26101
25 January 2024,26025
26 January 2024,25816
27 January 2024,26789
28 January 2024,25995
29 January 2024,26187
30 January 2024,26132
31 January 2024,26128
01 February 2024,26200
02 February 2024,26186
03 February 2024,26301
04 February 2024,26311
05 February 2024,26535
06 February 2024,26516
07 February 2024,26705
08 February 2024,26792
09 February 2024,26891
10 February 2024,26895
11 February 2024,26942
12 February 2024,27167
13 February 2024,27427
14 February 2024,27449
15 February 2024,27590
16 February 2024,27854
17 February 2024,27850
18 February 2024,27970
19 February 2024,28309
20 February 2024,28738
21 February 2024,28514
22 February 2024,28561
23 February 2024,28773
24 February 2024,28998
25 February 2024,29178
26 February 2024,29478
27 February 2024,29788
28 February 2024,29984
29 February 2024,30195
01 March 2024,30553
02 March 2024,30508
03 March 2024,30555
04 March 2024,30645
05 March 2024,30661
06 March 2024,30850
07 March 2024,30494
08 March 2024,31021
09 March 2024,31041
10 March 2024,31102
11 March 2024,31164
12 March 2024,31227
13 March 2024,31101
14 March 2024,31046
15 March 2024,31084
16 March 2024,31142
17 March 2024,31084
18 March 2024,31242
19 March 2024,31371
20 March 2024,30972
21 March 2024,30829
22 March 2024,30691
23 March 2024,30091
24 March 2024,29715
25 March 2024,29273
26 March 2024,29121
27 March 2024,29022
28 March 2024,28826
29 March 2024,28764
30 March 2024,28661
31 March 2024,31799
01 April 2024,28261
02 April 2024,28063
03 April 2024,27873
04 April 2024,27991
05 April 2024,27734
06 April 2024,27848
07 April 2024,27962
08 April 2024,27949
09 April 2024,28376
10 April 2024,30012
11 April 2024,29229
12 April 2024,27998
13 April 2024,27968
14 April 2024,27908
15 April 2024,27755
16 April 2024,27823
17 April 2024,28052
18 April 2024,27946
19 April 2024,27866
20 April 2024,27773
21 April 2024,27501
22 April 2024,27460
23 April 2024,27473
24 April 2024,27502
25 April 2024,27557
26 April 2024,27545
27 April 2024,27566
28 April 2024,27602
29 April 2024,27803
30 April 2024,28081
01 May 2024,28465
02 May 2024,28601
03 May 2024,28694
04 May 2024,28705
05 May 2024,28717
06 May 2024,28858
07 May 2024,28986
08 May 2024,29059
09 May 2024,28546
10 May 2024,29096
11 May 2024,29737
12 May 2024,29057
13 May 2024,29161
14 May 2024,28916
15 May 2024,28916
16 May 2024,28898
17 May 2024,28878
18 May 2024,28791
19 May 2024,28512
20 May 2024,28547
21 May 2024,28632
22 May 2024,28571
23 May 2024,28541
24 May 2024,28327
25 May 2024,28133
26 May 2024,27860
27 May 2024,27742
28 May 2024,27575
29 May 2024,27612
30 May 2024,27533
31 May 2024,27364
01 June 2024,27173
02 June 2024,27223
03 June 2024,27023
04 June 2024,26987
05 June 2024,26901
06 June 2024,26991
07 June 2024,26721
08 June 2024,26823
09 June 2024,26856
10 June 2024,26919
11 June 2024,26997
12 June 2024,26982
13 June 2024,27035
14 June 2024,27026
15 June 2024,27090
16 June 2024,27045
17 June 2024,27205
18 June 2024,27128
19 June 2024,26994
20 June 2024,26988
21 June 2024,27102
22 June 2024,26885
23 June 2024,27015
24 June 2024,26770
25 June 2024,27040
26 June 2024,27106
27 June 2024,27258
28 June 2024,27018
29 June 2024,26715
30 June 2024,26775
01 July 2024,26836
02 July 2024,26422
03 July 2024,26578
04 July 2024,26367
05 July 2024,26436
06 July 2024,26330
07 July 2024,26385
08 July 2024,26323
09 July 2024,26320
10 July 2024,26338
11 July 2024,26466
12 July 2024,26453
13 July 2024,26557
14 July 2024,26370
15 July 2024,26486
16 July 2024,26330
17 July 2024,26555
18 July 2024,26537
19 July 2024,26480
20 July 2024,26535
21 July 2024,26621
22 July 2024,26595
23 July 2024,26658
24 July 2024,26527
25 July 2024,26534
26 July 2024,26452
27 July 2024,26257
28 July 2024,26380
29 July 2024,26250
30 July 2024,26275
31 July 2024,26230
01 August 2024,26094
02 August 2024,25955
03 August 2024,25962
04 August 2024,25965
05 August 2024,25882
06 August 2024,26083
07 August 2024,26026
08 August 2024,25836
09 August 2024,25987
10 August 2024,25840
11 August 2024,25756
12 August 2024,25637
13 August 2024,25996
14 August 2024,25560
15 August 2024,25407
16 August 2024,25123
17 August 2024,25174
18 August 2024,24934
19 August 2024,24961
20 August 2024,24905
21 August 2024,24941
22 August 2024,25034
23 August 2024,25066
24 August 2024,24962
25 August 2024,24818
26 August 2024,24744
27 August 2024,24729
28 August 2024,24679
29 August 2024,24663
30 August 2024,24653
31 August 2024,24621
01 September 2024,24378
02 September 2024,24401
03 September 2024,24391
04 September 2024,24263
05 September 2024,24398
06 September 2024,24362
07 September 2024,24487
08 September 2024,24570
09 September 2024,24914
10 September 2024,25102
11 September 2024,25104
12 September 2024,25090
13 September 2024,25174
14 September 2024,25356
15 September 2024,25256
16 September 2024,25294
17 September 2024,25194
18 September 2024,25142
19 September 2024,25052
20 September 2024,25101
21 September 2024,25148
22 September 2024,25257
23 September 2024,25222
24 September 2024,25267
25 September 2024,25184
26 September 2024,25172
27 September 2024,25246
28 September 2024,25288
29 September 2024,25180
30 September 2024,25267
01 October 2024,25324
02 October 2024,25206
03 October 2024,25205
04 October 2024,25272
05 October 2024,25230
06 October 2024,25169
07 October 2024,25333
08 October 2024,25365
09 October 2024,25235
10 October 2024,25204
11 October 2024,25231
12 October 2024,25304
13 October 2024,25376
14 October 2024,27005
15 October 2024,25341
16 October 2024,25389
17 October 2024,25462
18 October 2024,25399
19 October 2024,25021
20 October 2024,25188
21 October 2024,25202
22 October 2024,25234
23 October 2024,25331
24 October 2024,25341
25 October 2024,25248
26 October 2024,25202
27 October 2024,25212
28 October 2024,25312
29 October 2024,25318
30 October 2024,25076
31 October 2024,24391
01 November 2024,25223
02 November 2024,24846
03 November 2024,25015
04 November 2024,25144
05 November 2024,24821
06 November 2024,25104
07 November 2024,24994
08 November 2024,24926
09 November 2024,24910
10 November 2024,24950
11 November 2024,25011
12 November 2024,25000
13 November 2024,25092
14 November 2024,25090
15 November 2024,24990
16 November 2024,25021
17 November 2024,25051
18 November 2024,25024
19 November 2024,25080
20 November 2024,25098
21 November 2024,25056
22 November 2024,25028
23 November 2024,25025
24 November 2024,25045
25 November 2024,25043
26 November 2024,25096
27 November 2024,25039
28 November 2024,25109
29 November 2024,25038
30 November 2024,24965
01 December 2024,25065
02 December 2024,24988
03 December 2024,24966
04 December 2024,25092
05 December 2024,25025
06 December 2024,25356
07 December 2024,25929
08 December 2024,26238
09 December 2024,26671
10 December 2024,27296
11 December 2024,28257
12 December 2024,28076
13 December 2024,28261
14 December 2024,28624
15 December 2024,28817
16 December 2024,28793
17 December 2024,29087
18 December 2024,29232
19 December 2024,29288
20 December 2024,29550
21 December 2024,29324
22 December 2024,29333
23 December 2024,29423
24 December 2024,29486
25 December 2024,29350
26 December 2024,29127
27 December 2024,29269
28 December 2024,29259
29 December 2024,29027
30 December 2024,29166
31 December 2024,28851
01 January 2025,28738
02 January 2025,28689
03 January 2025,28595
04 January 2025,28034
05 January 2025,28101
06 January 2025,28134
07 January 2025,28292
08 January 2025,28018
09 January 2025,27666
10 January 2025,27348
11 January 2025,26958
12 January 2025,26948
13 January 2025,26398
14 January 2025,26531
15 January 2025,26166
16 January 2025,26146
17 January 2025,25997
18 January 2025,25750
19 January 2025,25616
20 January 2025,25416
21 January 2025,25420
22 January 2025,25155
23 January 2025,24806
24 January 2025,24924
25 January 2025,25000
26 January 2025,25147
27 January 2025,25270
28 January 2025,25087
29 January 2025,25238
30 January 2025,25301
31 January 2025,25412
01 February 2025,25802
02 February 2025,25740
03 February 2025,25904
04 February 2025,26090
05 February 2025,26113
06 February 2025,26111
07 February 2025,26116
08 February 2025,26118
09 February 2025,26099
10 February 2025,26410
11 February 2025,26294
12 February 2025,26178
13 February 2025,26281
14 February 2025,26399
15 February 2025,26370
16 February 2025,26572
17 February 2025,26825
18 February 2025,27059
19 February 2025,27398
20 February 2025,27673
21 February 2025,28204
22 February 2025,28270
23 February 2025,28178
24 February 2025,28340
25 February 2025,28433
26 February 2025,28587
27 February 2025,28639
28 February 2025,28547
01 March 2025,28516
02 March 2025,27895
03 March 2025,28242
04 March 2025,28465
05 March 2025,28262
06 March 2025,28336
07 March 2025,28147
08 March 2025,28104
09 March 2025,27476
10 March 2025,27953
11 March 2025,27597
12 March 2025,27120
13 March 2025,26723
14 March 2025,26246
15 March 2025,26904
16 March 2025,26114
17 March 2025,26253
18 March 2025,26680
19 March 2025,26113
20 March 2025,25886
21 March 2025,25541
22 March 2025,25666
23 March 2025,25500
24 March 2025,25798
25 March 2025,25670
26 March 2025,25871
27 March 2025,25839
28 March 2025,24296
29 March 2025,23852
30 March 2025,22729
31 March 2025,25666
01 April 2025,25800
02 April 2025,25833
03 April 2025,25925
04 April 2025,25743
05 April 2025,25237
06 April 2025,25222
07 April 2025,25579
08 April 2025,25746
09 April 2025,25497
10 April 2025,25366
11 April 2025,25327
12 April 2025,25375
13 April 2025,25401
14 April 2025,25174
15 April 2025,24997
16 April 2025,24879
17 April 2025,25103
18 April 2025,24953
19 April 2025,25041
20 April 2025,24910
21 April 2025,24810
22 April 2025,24857
23 April 2025,25049
24 April 2025,25545
25 April 2025,26126
26 April 2025,26282
27 April 2025,26666
28 April 2025,26794
29 April 2025,26510
30 April 2025,26380
01 May 2025,26360
02 May 2025,26465
03 May 2025,26505
04 May 2025,26277
05 May 2025,26180
06 May 2025,25701
07 May 2025,26053
08 May 2025,25975
09 May 2025,25862
10 May 2025,25903
11 May 2025,25756
12 May 2025,25844
13 May 2025,25806
14 May 2025,25956
15 May 2025,25913
16 May 2025,25930
17 May 2025,25630
18 May 2025,25812
19 May 2025,25880
20 May 2025,25862
21 May 2025,25758
22 May 2025,25787
23 May 2025,25898
24 May 2025,25750
25 May 2025,25812
26 May 2025,25784
27 May 2025,25724
28 May 2025,25711
29 May 2025,25583
30 May 2025,25688
31 May 2025,25826
01 June 2025,26181
02 June 2025,26281
03 June 2025,26462
04 June 2025,26486
05 June 2025,26524
06 June 2025,27043
07 June 2025,26886
08 June 2025,26894
09 June 2025,26606
10 June 2025,26660
11 June 2025,26685
12 June 2025,26832
13 June 2025,26550
14 June 2025,26986
15 June 2025,27145
16 June 2025,26790
17 June 2025,26782
18 June 2025,26839
19 June 2025,26858
20 June 2025,26601
21 June 2025,26930
22 June 2025,27000
23 June 2025,26873
24 June 2025,26839
25 June 2025,26913
26 June 2025,26916
27 June 2025,26837
28 June 2025,27121
29 June 2025,27033
30 June 2025,26826
01 July 2025,26807
02 July 2025,26820
03 July 2025,26977
04 July 2025,27188
05 July 2025,27538
06 July 2025,27854
07 July 2025,27426
08 July 2025,27404
09 July 2025,27410
10 July 2025,27479
11 July 2025,27444
12 July 2025,27589
13 July 2025,27509
14 July 2025,27458
15 July 2025,27515
16 July 2025,27555
17 July 2025,27553
18 July 2025,27548
19 July 2025,27680
20 July 2025,27651
21 July 2025,27517
22 July 2025,27553
23 July 2025,27456
24 July 2025,27226
25 July 2025,27128
26 July 2025,27316
27 July 2025,26030
28 July 2025,27386
29 July 2025,27287
30 July 2025,27375
31 July 2025,27305
01 August 2025,27312
02 August 2025,27395
03 August 2025,26924
04 August 2025,27293
05 August 2025,27141
06 August 2025,27393
07 August 2025,26993
08 August 2025,27048
09 August 2025,26788
10 August 2025,26683
11 August 2025,26969
12 August 2025,26970
13 August 2025,26775
14 August 2025,26784
15 August 2025,26765
16 August 2025,26484
17 August 2025,26283
18 August 2025,26436
19 August 2025,26442
20 August 2025,26098
21 August 2025,26102
22 August 2025,25916
23 August 2025,26208
24 August 2025,26166
25 August 2025,25940
26 August 2025,26108
27 August 2025,25722
28 August 2025,25896
29 August 2025,25791
30 August 2025,26142
31 August 2025,26142
01 September 2025,28660
02 September 2025,25881
03 September 2025,25905
04 September 2025,26196
05 September 2025,26283
06 September 2025,26850
07 September 2025,27020
08 September 2025,27020
09 September 2025,27195
10 September 2025,27410
11 September 2025,27463
12 September 2025,27591
13 September 2025,27500
14 September 2025,27625
15 September 2025,27560
16 September 2025,27538
17 September 2025,27680
18 September 2025,27675
19 September 2025,27689
20 September 2025,27875
21 September 2025,27714
22 September 2025,27652
23 September 2025,27724
24 September 2025,27723
25 September 2025,27678
26 September 2025,27863
27 September 2025,28083
28 September 2025,28047
29 September 2025,27875
30 September 2025,27928
01 October 2025,28062
02 October 2025,28212
03 October 2025,28266
04 October 2025,28629
05 October 2025,28633
06 October 2025,28548
07 October 2025,28690
